NumLicenceFFK,Nom,Prenom,DateNaissance,Genre,categorie,Activite,Adresse,Telephone1,Telephone2,Email,Cotisation,DateInscription,Grade,NomParents,PrenomParents,TelephoneParents1,TelephoneParents2,EmailParents,Observation
1,Voluptatum commodi m,Recusandae Assumend,1970-01-13T00:00:00+00:00,Homme,Cadets,"group karaté 1,group karaté 2",Et in consequatur mo,+1 (551) 168-7861,+1 (338) 224-3591,copefyhe@mailinator.com,78,1989-06-23T00:00:00+00:00,Bleue 1,Lorem natus autem la,Veritatis consequatu,+1 (924) 466-7628,+1 (303) 227-3782,rohiqajasy@mailinator.com,Voluptatum porro ape
2,Ad animi in magnam,Adipisci dolores dol,1970-01-01T00:00:00+00:00,Femme,Mini poussins,group karaté 1,Exercitation volupta,+1 (591) 582-9144,+1 (924) 636-6045,xymopem@mailinator.com,1,1970-01-01T00:00:00+00:00,Noire,Natus quia aliqua M,Consectetur iure la,+1 (771) 145-7891,+1 (681) 108-3264,qikemiru@mailinator.com,Nobis incidunt dolo
3,Voluptatum commodi m,Recusandae Assumend,1970-01-01T00:00:00+00:00,Homme,Cadets,group karaté 1,Et in consequatur mo,+1 (551) 168-7861,+1 (338) 224-3591,copefyhe@mailinator.com,78,1970-01-01T00:00:00+00:00,Jaune,Lorem natus autem la,Veritatis consequatu,+1 (924) 466-7628,+1 (303) 227-3782,rohiqajasy@mailinator.com,Voluptatum porro ape
4,Ad animi in magnam,Adipisci dolores dol,1970-01-01T00:00:00+00:00,Femme,Mini poussins,group karaté 1,Exercitation volupta,+1 (591) 582-9144,+1 (924) 636-6045,xymopem@mailinator.com,1,1970-01-01T00:00:00+00:00,Noire,Natus quia aliqua M,Consectetur iure la,+1 (771) 145-7891,+1 (681) 108-3264,qikemiru@mailinator.com,Nobis incidunt dolo
5,Ad animi in magnam,Adipisci dolores dol,1970-01-01T00:00:00+00:00,Femme,Mini poussins,group karaté 1,Exercitation volupta,+1 (591) 582-9144,+1 (924) 636-6045,xymopem@mailinator.com,1,1970-01-01T00:00:00+00:00,Noire,Natus quia aliqua M,Consectetur iure la,+1 (771) 145-7891,+1 (681) 108-3264,qikemiru@mailinator.com,Nobis incidunt dolo
6,Voluptatum ipsam min,Culpa dolor voluptat,2017-07-01T00:00:00+00:00,Homme,Poussins,group karaté 1,Et voluptatem Et sa,+1 (877) 866-5526,+1 (835) 505-5357,qofesudaho@mailinator.com,84,2005-08-16T00:00:00+00:00,Orange,Consectetur quae lau,Consequatur Qui qui,+1 (569) 201-1115,+1 (408) 774-9242,jodon@mailinator.com,Omnis neque et nesci
7,Voluptatum ipsam min,Culpa dolor voluptat,2017-07-01T00:00:00+00:01,Homme,Poussins,group karaté 2,Et voluptatem Et sa,+1 (877) 866-5527,+1 (835) 505-5358,qofesudaho@mailinator.com,85,2005-08-16T00:00:00+00:01,Orange,Consectetur quae lau,Consequatur Qui qui,+1 (569) 201-1116,+1 (408) 774-9243,jodon@mailinator.com,Omnis neque et nesci
8,Voluptatum ipsam min,Culpa dolor voluptat,2017-07-01T00:00:00+00:02,Homme,Poussins,group karaté 3,Et voluptatem Et sa,+1 (877) 866-5528,+1 (835) 505-5359,qofesudaho@mailinator.com,86,2005-08-16T00:00:00+00:02,Orange,Consectetur quae lau,Consequatur Qui qui,+1 (569) 201-1117,+1 (408) 774-9244,jodon@mailinator.com,Omnis neque et nesci
9,Voluptatum ipsam min,Culpa dolor voluptat,2017-07-01T00:00:00+00:03,Homme,Poussins,group karaté 4,Et voluptatem Et sa,+1 (877) 866-5529,+1 (835) 505-5360,qofesudaho@mailinator.com,87,2005-08-16T00:00:00+00:03,Orange,Consectetur quae lau,Consequatur Qui qui,+1 (569) 201-1118,+1 (408) 774-9245,jodon@mailinator.com,Omnis neque et nesci
10,Voluptatum ipsam min,Culpa dolor voluptat,2017-07-01T00:00:00+00:04,Homme,Poussins,group karaté 5,Et voluptatem Et sa,+1 (877) 866-5530,+1 (835) 505-5361,qofesudaho@mailinator.com,88,2005-08-16T00:00:00+00:04,Orange,Consectetur quae lau,Consequatur Qui qui,+1 (569) 201-1119,+1 (408) 774-9246,jodon@mailinator.com,Omnis neque et nesci
11,Voluptatum ipsam min,Culpa dolor voluptat,02/03/2003,Homme,Poussins,group karaté 6,Et voluptatem Et sa,+1 (877) 866-5531,+1 (835) 505-5362,qofesudaho@mailinator.com,89,2005-08-16T00:00:00+00:05,Orange,Consectetur quae lau,Consequatur Qui qui,+1 (569) 201-1120,+1 (408) 774-9247,jodon@mailinator.com,Omnis neque et nesci
