NumLicenceFFK	Nom	Prenom	DateNaissance	Genre	categorie	Activite	Adresse	Telephone1	Telephone2	Email	Cotisation	DateInscription	Grade	NomParents	PrenomParents	TelephoneParents1	TelephoneParents2	EmailParents	Observation
KN	GUYG	GUG	2021-06-18T00:00:00+00:00	Homme	Poussins	"GROUPE TEST, groupe: inconnu,groupe: inconnu (test),groupe: inconnu (taha chbab)"	RUE	99009		l;llll	22	2021-06-11T00:00:00+00:00	Noire	AA	BB	9	8	@	ubub
123132poiu	Quae reprehenderit t	Maxime commodi repre	1970-01-01T00:00:00+00:00	Homme	pupilles	groupe: inconnu (test)	Maxime ut eius dicta	+1 (449) 884-3716	+1 (175) 294-6673	rebyz@mailinator.com	220	1970-01-01T00:00:00+00:00	Orange	12313132	14254872	123456	120012		Corrupti quibusdam
123sd	Neque ex qui fugiat	Quia quia molestiae	1970-01-01T00:00:00+00:00	Homme	Benjamins		Recusandae Voluptas	+1 (858) 261-9518	Vitae sed ut et fugi	bybesytus@mailinator.com	96	1970-01-01T00:00:00+00:00	Bleue 1	test	arreb l3ali	328 142-8882	+1 (688) 993-4496	kaseka@mailinator.com	Sed a voluptas ratio
ABCDEFGH123	Autem nihil vel nemo	Ut soluta nemo dolor	1970-01-01T00:00:00+00:00	Homme	Minimes		Totam enim aut ut te	+1 (961) 684-8612	Maiores id sint lab	nodycilob@mailinator.com	71	1970-01-01T00:00:00+00:00	Bleue 2	test123					Eligendi voluptas do
ABCDEFGH126	ABCDEFGH13558	ABCDEFGH13771	1970-01-01T00:00:00+00:00	Homme	pupilles	A2	ADRES03	+1 (449) 884-3716	+1 (175) 294-6673	rebyz@mailinator.com	220	1970-01-01T00:00:00+00:00	Orange	ABCDEFGH13508E51	ABCDEFGH135481	123456	120012		UU15
ABCDEFGH128	ABCDEFGH13560	ABCDEFGH13773	1970-01-01T00:00:00+00:00	Homme	Benjamins	" groupe: inconnu, groupe: inconnu,A2,groupe: inconnu (test),groupe: inconnu (taha chbab)"	ADRES05	+1 (858) 261-9518	Vitae sed ut et fugi	bybesytus@mailinator.com	96	1970-01-01T00:00:00+00:00	Bleue 1	ABCDEFGH13508E53	ABCDEFGH135483	328 142-8882	+1 (688) 993-4496	kaseka@mailinator.com	UU17
ABCDEFGH127	ABCDEFGH13559	ABCDEFGH13772	1970-01-01T00:00:00+00:00	Homme	Minimes	A2	ADRES04	+1 (961) 684-8612	Maiores id sint lab	nodycilob@mailinator.com	71	1970-01-01T00:00:00+00:00	Bleue 2	ABCDEFGH13508E52	ABCDEFGH135482				UU16
ABCDEFGH125	ABCDEFGH13557	ABCDEFGH13770	1970-01-01T00:00:00+00:00	Homme	Benjamins	A2	ADRES02	+1 (858) 261-9518	Vitae sed ut et fugi	bybesytus@mailinator.com	96	1970-01-01T00:00:00+00:00	Bleue 1	ABCDEFGH13508E50	ABCDEFGH135480	328 142-8882	+1 (688) 993-4496	kaseka@mailinator.com	UU14
ABCDEFGH129	ABCDEFGH13561	ABCDEFGH13774	1970-01-01T00:00:00+00:00	Homme	pupilles	A2	ADRES06	+1 (449) 884-3716	+1 (175) 294-6673	rebyz@mailinator.com	220	1970-01-01T00:00:00+00:00	Orange	ABCDEFGH13508E54	ABCDEFGH135484	123456	120012		UU18
ABCDEFGH130	ABCDEFGH13562	ABCDEFGH13775	1970-01-01T00:00:00+00:00	Homme	Minimes	A2	ADRES07	+1 (961) 684-8612	Maiores id sint lab	nodycilob@mailinator.com	71	1970-01-01T00:00:00+00:00	Bleue 2	ABCDEFGH13508E55	ABCDEFGH135485				UU19
ABCDEFGH131	ABCDEFGH13563	ABCDEFGH13776	1970-01-01T00:00:00+00:00	Homme	Benjamins	A2	ADRES08	+1 (858) 261-9518	Vitae sed ut et fugi	bybesytus@mailinator.com	96	1970-01-01T00:00:00+00:00	Bleue 1	ABCDEFGH13508E56	ABCDEFGH135486	328 142-8882	+1 (688) 993-4496	kaseka@mailinator.com	UU20
ABCDEFGH132	ABCDEFGH13564	ABCDEFGH13777	1970-01-01T00:00:00+00:00	Homme	pupilles	A2	ADRES09	+1 (449) 884-3716	+1 (175) 294-6673	rebyz@mailinator.com	220	1970-01-01T00:00:00+00:00	Orange	ABCDEFGH13508E57	ABCDEFGH135487	123456	120012		UU21
ABCDEFGH133	ABCDEFGH13565	ABCDEFGH13778	1970-01-01T00:00:00+00:00	Homme	Minimes	A2	ADRES10	+1 (961) 684-8612	Maiores id sint lab	nodycilob@mailinator.com	71	1970-01-01T00:00:00+00:00	Bleue 2	ABCDEFGH13508E58	ABCDEFGH135488				UU22
ABCDEFGH134	ABCDEFGH13566	ABCDEFGH13779	1970-01-01T00:00:00+00:00	Homme	Benjamins	A2	ADRES11	+1 (858) 261-9518	Vitae sed ut et fugi	bybesytus@mailinator.com	96	1970-01-01T00:00:00+00:00	Bleue 1	ABCDEFGH13508E59	ABCDEFGH135489	328 142-8882	+1 (688) 993-4496	kaseka@mailinator.com	UU23
ABCDEFGH135	ABCDEFGH13567	ABCDEFGH13780	1970-01-01T00:00:00+00:00	Homme	pupilles	A2	ADRES12	+1 (449) 884-3716	+1 (175) 294-6673	rebyz@mailinator.com	220	1970-01-01T00:00:00+00:00	Orange	ABCDEFGH13508E60	ABCDEFGH135490	123456	120012		UU24
ABCDEFGH136	ABCDEFGH13568	ABCDEFGH13781	1970-01-01T00:00:00+00:00	Homme	Minimes	A2	ADRES13	+1 (961) 684-8612	Maiores id sint lab	nodycilob@mailinator.com	71	1970-01-01T00:00:00+00:00	Bleue 2	ABCDEFGH13508E61	ABCDEFGH135491				UU25
ABCDEFGH137	ABCDEFGH13569	ABCDEFGH13782	1970-01-01T00:00:00+00:00	Homme	Benjamins	A2	ADRES14	+1 (858) 261-9518	Vitae sed ut et fugi	bybesytus@mailinator.com	96	1970-01-01T00:00:00+00:00	Bleue 1	ABCDEFGH13508E62	ABCDEFGH135492	328 142-8882	+1 (688) 993-4496	kaseka@mailinator.com	UU26
ABCDEFGH138	ABCDEFGH13570	ABCDEFGH13783	1970-01-01T00:00:00+00:00	Homme	pupilles	A2	ADRES15	+1 (449) 884-3716	+1 (175) 294-6673	rebyz@mailinator.com	220	1970-01-01T00:00:00+00:00	Orange	ABCDEFGH13508E63	ABCDEFGH135493	123456	120012		UU27
ABCDEFGH139	ABCDEFGH13571	ABCDEFGH13784	1970-01-01T00:00:00+00:00	Homme	Minimes	A2	ADRES16	+1 (961) 684-8612	Maiores id sint lab	nodycilob@mailinator.com	71	1970-01-01T00:00:00+00:00	Bleue 2	ABCDEFGH13508E64	ABCDEFGH135494				UU28
ABCDEFGH140	ABCDEFGH13572	ABCDEFGH13785	1970-01-01T00:00:00+00:00	Homme	Benjamins	A2	ADRES17	+1 (858) 261-9518	Vitae sed ut et fugi	bybesytus@mailinator.com	96	1970-01-01T00:00:00+00:00	Bleue 1	ABCDEFGH13508E65	ABCDEFGH135495	328 142-8882	+1 (688) 993-4496	kaseka@mailinator.com	UU29
ABCDEFGH141	ABCDEFGH13573	ABCDEFGH13786	1970-01-01T00:00:00+00:00	Homme	pupilles	A2	ADRES18	+1 (449) 884-3716	+1 (175) 294-6673	rebyz@mailinator.com	220	1970-01-01T00:00:00+00:00	Orange	ABCDEFGH13508E66	ABCDEFGH135496	123456	120012		UU30
ABCDEFGH142	ABCDEFGH13574	ABCDEFGH13787	1970-01-01T00:00:00+00:00	Homme	Minimes	A2	ADRES19	+1 (961) 684-8612	Maiores id sint lab	nodycilob@mailinator.com	71	1970-01-01T00:00:00+00:00	Bleue 2	ABCDEFGH13508E67	ABCDEFGH135497				UU31
ABCDEFGH143	ABCDEFGH13575	ABCDEFGH13788	1970-01-01T00:00:00+00:00	Homme	Benjamins	A2	ADRES20	+1 (858) 261-9518	Vitae sed ut et fugi	bybesytus@mailinator.com	96	1970-01-01T00:00:00+00:00	Bleue 1	ABCDEFGH13508E68	ABCDEFGH135498	328 142-8882	+1 (688) 993-4496	kaseka@mailinator.com	UU32
ABCDEFGH144	ABCDEFGH13576	ABCDEFGH13789	1970-01-01T00:00:00+00:00	Homme	pupilles	A2	ADRES21	+1 (449) 884-3716	+1 (175) 294-6673	rebyz@mailinator.com	220	1970-01-01T00:00:00+00:00	Orange	ABCDEFGH13508E69	ABCDEFGH135499	123456	120012		UU33
ABCDEFGH145	ABCDEFGH13577	ABCDEFGH13790	1970-01-01T00:00:00+00:00	Homme	Minimes	A2	ADRES22	+1 (961) 684-8612	Maiores id sint lab	nodycilob@mailinator.com	71	1970-01-01T00:00:00+00:00	Bleue 2	ABCDEFGH13508E70	ABCDEFGH135500				UU34
ABCDEFGH146	ABCDEFGH13578	ABCDEFGH13791	1970-01-01T00:00:00+00:00	Homme	Benjamins	A2	ADRES23	+1 (858) 261-9518	Vitae sed ut et fugi	bybesytus@mailinator.com	96	1970-01-01T00:00:00+00:00	Bleue 1	ABCDEFGH13508E71	ABCDEFGH135501	328 142-8882	+1 (688) 993-4496	kaseka@mailinator.com	UU35
ABCDEFGH147	ABCDEFGH13579	ABCDEFGH13792	1970-01-01T00:00:00+00:00	Homme	pupilles	A2	ADRES24	+1 (449) 884-3716	+1 (175) 294-6673	rebyz@mailinator.com	220	1970-01-01T00:00:00+00:00	Orange	ABCDEFGH13508E72	ABCDEFGH135502	123456	120012		UU36
ABCDEFGH148	ABCDEFGH13580	ABCDEFGH13793	1970-01-01T00:00:00+00:00	Homme	Minimes	A2	ADRES25	+1 (961) 684-8612	Maiores id sint lab	nodycilob@mailinator.com	71	1970-01-01T00:00:00+00:00	Bleue 2	ABCDEFGH13508E73	ABCDEFGH135503				UU37
ABCDEFGH149	ABCDEFGH13581	ABCDEFGH13794	1970-01-01T00:00:00+00:00	Homme	Benjamins	A2	ADRES26	+1 (858) 261-9518	Vitae sed ut et fugi	bybesytus@mailinator.com	96	1970-01-01T00:00:00+00:00	Bleue 1	ABCDEFGH13508E74	ABCDEFGH135504	328 142-8882	+1 (688) 993-4496	kaseka@mailinator.com	UU38
ABCDEFGH150	ABCDEFGH13582	ABCDEFGH13795	1970-01-01T00:00:00+00:00	Homme	pupilles	A2	ADRES27	+1 (449) 884-3716	+1 (175) 294-6673	rebyz@mailinator.com	220	1970-01-01T00:00:00+00:00	Orange	ABCDEFGH13508E75	ABCDEFGH135505	123456	120012		UU39
ABCDEFGH151	ABCDEFGH13583	ABCDEFGH13796	1970-01-01T00:00:00+00:00	Homme	Minimes	A2	ADRES28	+1 (961) 684-8612	Maiores id sint lab	nodycilob@mailinator.com	71	1970-01-01T00:00:00+00:00	Bleue 2	ABCDEFGH13508E76	ABCDEFGH135506				UU40
ABCDEFGH152	ABCDEFGH13584	ABCDEFGH13797	1970-01-01T00:00:00+00:00	Homme	Benjamins	A2	ADRES29	+1 (858) 261-9518	Vitae sed ut et fugi	bybesytus@mailinator.com	96	1970-01-01T00:00:00+00:00	Bleue 1	ABCDEFGH13508E77	ABCDEFGH135507	328 142-8882	+1 (688) 993-4496	kaseka@mailinator.com	UU41
ABCDEFGH153	ABCDEFGH13585	ABCDEFGH13798	1970-01-01T00:00:00+00:00	Homme	pupilles	A2	ADRES30	+1 (449) 884-3716	+1 (175) 294-6673	rebyz@mailinator.com	220	1970-01-01T00:00:00+00:00	Orange	ABCDEFGH13508E78	ABCDEFGH135508	123456	120012		UU42
ABCDEFGH154	ABCDEFGH13586	ABCDEFGH13799	1970-01-01T00:00:00+00:00	Homme	Minimes	A2	ADRES31	+1 (961) 684-8612	Maiores id sint lab	nodycilob@mailinator.com	71	1970-01-01T00:00:00+00:00	Bleue 2	ABCDEFGH13508E79	ABCDEFGH135509				UU43
ABCDEFGH155	ABCDEFGH13587	ABCDEFGH13800	1970-01-01T00:00:00+00:00	Homme	Benjamins	A2	ADRES32	+1 (858) 261-9518	Vitae sed ut et fugi	bybesytus@mailinator.com	96	1970-01-01T00:00:00+00:00	Bleue 1	ABCDEFGH13508E80	ABCDEFGH135510	328 142-8882	+1 (688) 993-4496	kaseka@mailinator.com	UU44
ABCDEFGH156	ABCDEFGH13588	ABCDEFGH13801	1970-01-01T00:00:00+00:00	Homme	pupilles	A2	ADRES33	+1 (449) 884-3716	+1 (175) 294-6673	rebyz@mailinator.com	220	1970-01-01T00:00:00+00:00	Orange	ABCDEFGH13508E81	ABCDEFGH135511	123456	120012		UU45
ABCDEFGH157	ABCDEFGH13589	ABCDEFGH13802	1970-01-01T00:00:00+00:00	Homme	Minimes	A2	ADRES34	+1 (961) 684-8612	Maiores id sint lab	nodycilob@mailinator.com	71	1970-01-01T00:00:00+00:00	Bleue 2	ABCDEFGH13508E82	ABCDEFGH135512				UU46
ABCDEFGH158	ABCDEFGH13590	ABCDEFGH13803	1970-01-01T00:00:00+00:00	Homme	Benjamins	A2	ADRES35	+1 (858) 261-9518	Vitae sed ut et fugi	bybesytus@mailinator.com	96	1970-01-01T00:00:00+00:00	Bleue 1	ABCDEFGH13508E83	ABCDEFGH135513	328 142-8882	+1 (688) 993-4496	kaseka@mailinator.com	UU47
ABCDEFGH159	ABCDEFGH13591	ABCDEFGH13804	1970-01-01T00:00:00+00:00	Homme	pupilles	A2	ADRES36	+1 (449) 884-3716	+1 (175) 294-6673	rebyz@mailinator.com	220	1970-01-01T00:00:00+00:00	Orange	ABCDEFGH13508E84	ABCDEFGH135514	123456	120012		UU48
ABCDEFGH160	ABCDEFGH13592	ABCDEFGH13805	1970-01-01T00:00:00+00:00	Homme	Minimes	A2	ADRES37	+1 (961) 684-8612	Maiores id sint lab	nodycilob@mailinator.com	71	1970-01-01T00:00:00+00:00	Bleue 2	ABCDEFGH13508E85	ABCDEFGH135515				UU49
ABCDEFGH161	ABCDEFGH13593	ABCDEFGH13806	1970-01-01T00:00:00+00:00	Homme	Benjamins	A2	ADRES38	+1 (858) 261-9518	Vitae sed ut et fugi	bybesytus@mailinator.com	96	1970-01-01T00:00:00+00:00	Bleue 1	ABCDEFGH13508E86	ABCDEFGH135516	328 142-8882	+1 (688) 993-4496	kaseka@mailinator.com	UU50
ABCDEFGH162	ABCDEFGH13594	ABCDEFGH13807	1970-01-01T00:00:00+00:00	Homme	pupilles	A2	ADRES39	+1 (449) 884-3716	+1 (175) 294-6673	rebyz@mailinator.com	220	1970-01-01T00:00:00+00:00	Orange	ABCDEFGH13508E87	ABCDEFGH135517	123456	120012		UU51
ABCDEFGH163	ABCDEFGH13595	ABCDEFGH13808	1970-01-01T00:00:00+00:00	Homme	Minimes	A2	ADRES40	+1 (961) 684-8612	Maiores id sint lab	nodycilob@mailinator.com	71	1970-01-01T00:00:00+00:00	Bleue 2	ABCDEFGH13508E88	ABCDEFGH135518				UU52
ABCDEFGH164	ABCDEFGH13596	ABCDEFGH13809	1970-01-01T00:00:00+00:00	Homme	Benjamins	A2	ADRES41	+1 (858) 261-9518	Vitae sed ut et fugi	bybesytus@mailinator.com	96	1970-01-01T00:00:00+00:00	Bleue 1	ABCDEFGH13508E89	ABCDEFGH135519	328 142-8882	+1 (688) 993-4496	kaseka@mailinator.com	UU53
ABCDEFGH165	ABCDEFGH13597	ABCDEFGH13810	1970-01-01T00:00:00+00:00	Homme	pupilles	A2	ADRES42	+1 (449) 884-3716	+1 (175) 294-6673	rebyz@mailinator.com	220	1970-01-01T00:00:00+00:00	Orange	ABCDEFGH13508E90	ABCDEFGH135520	123456	120012		UU54
ABCDEFGH166	ABCDEFGH13598	ABCDEFGH13811	1970-01-01T00:00:00+00:00	Homme	Minimes	A2	ADRES43	+1 (961) 684-8612	Maiores id sint lab	nodycilob@mailinator.com	71	1970-01-01T00:00:00+00:00	Bleue 2	ABCDEFGH13508E91	ABCDEFGH135521				UU55
ABCDEFGH167	ABCDEFGH13599	ABCDEFGH13812	1970-01-01T00:00:00+00:00	Homme	Benjamins	A2	ADRES44	+1 (858) 261-9518	Vitae sed ut et fugi	bybesytus@mailinator.com	96	1970-01-01T00:00:00+00:00	Bleue 1	ABCDEFGH13508E92	ABCDEFGH135522	328 142-8882	+1 (688) 993-4496	kaseka@mailinator.com	UU56
ABCDEFGH168	ABCDEFGH13600	ABCDEFGH13813	1970-01-01T00:00:00+00:00	Homme	pupilles	A2	ADRES45	+1 (449) 884-3716	+1 (175) 294-6673	rebyz@mailinator.com	220	1970-01-01T00:00:00+00:00	Orange	ABCDEFGH13508E93	ABCDEFGH135523	123456	120012		UU57
ABCDEFGH169	ABCDEFGH13601	ABCDEFGH13814	1970-01-01T00:00:00+00:00	Homme	Minimes	A2	ADRES46	+1 (961) 684-8612	Maiores id sint lab	nodycilob@mailinator.com	71	1970-01-01T00:00:00+00:00	Bleue 2	ABCDEFGH13508E94	ABCDEFGH135524				UU58
ABCDEFGH170	ABCDEFGH13602	ABCDEFGH13815	1970-01-01T00:00:00+00:00	Homme	Benjamins	A2	ADRES47	+1 (858) 261-9518	Vitae sed ut et fugi	bybesytus@mailinator.com	96	1970-01-01T00:00:00+00:00	Bleue 1	ABCDEFGH13508E95	ABCDEFGH135525	328 142-8882	+1 (688) 993-4496	kaseka@mailinator.com	UU59
ABCDEFGH171	ABCDEFGH13603	ABCDEFGH13816	1970-01-01T00:00:00+00:00	Homme	pupilles	A2	ADRES48	+1 (449) 884-3716	+1 (175) 294-6673	rebyz@mailinator.com	220	1970-01-01T00:00:00+00:00	Orange	ABCDEFGH13508E96	ABCDEFGH135526	123456	120012		UU60
ABCDEFGH173	ABCDEFGH13605	ABCDEFGH13818	1970-01-01T00:00:00+00:00	Homme	Benjamins	A2	ADRES50	+1 (858) 261-9518	Vitae sed ut et fugi	bybesytus@mailinator.com	96	1970-01-01T00:00:00+00:00	Bleue 1	ABCDEFGH13508E98	ABCDEFGH135528	328 142-8882	+1 (688) 993-4496	kaseka@mailinator.com	UU62
ABCDEFGH175	ABCDEFGH13607	ABCDEFGH13820	1970-01-01T00:00:00+00:00	Homme	Minimes	A2	ADRES52	+1 (961) 684-8612	Maiores id sint lab	nodycilob@mailinator.com	71	1970-01-01T00:00:00+00:00	Bleue 2	ABCDEFGH13508E100	ABCDEFGH135530				UU64
ABCDEFGH172	ABCDEFGH13604	ABCDEFGH13817	1970-01-01T00:00:00+00:00	Homme	Minimes	A2	ADRES49	+1 (961) 684-8612	Maiores id sint lab	nodycilob@mailinator.com	71	1970-01-01T00:00:00+00:00	Bleue 2	ABCDEFGH13508E97	ABCDEFGH135527				UU61
ABCDEFGH174	ABCDEFGH13606	ABCDEFGH13819	1970-01-01T00:00:00+00:00	Homme	pupilles	A2	ADRES51	+1 (449) 884-3716	+1 (175) 294-6673	rebyz@mailinator.com	220	1970-01-01T00:00:00+00:00	Orange	ABCDEFGH13508E99	ABCDEFGH135529	123456	120012		UU63
ABCDEFGH176	ABCDEFGH13608	ABCDEFGH13821	1970-01-01T00:00:00+00:00	Homme	Benjamins	A2	ADRES53	+1 (858) 261-9518	Vitae sed ut et fugi	bybesytus@mailinator.com	96	1970-01-01T00:00:00+00:00	Bleue 1	ABCDEFGH13508E101	ABCDEFGH135531	328 142-8882	+1 (688) 993-4496	kaseka@mailinator.com	UU65
ABCDEFGH177	ABCDEFGH13609	ABCDEFGH13822	1970-01-01T00:00:00+00:00	Homme	pupilles	A2	ADRES54	+1 (449) 884-3716	+1 (175) 294-6673	rebyz@mailinator.com	220	1970-01-01T00:00:00+00:00	Orange	ABCDEFGH13508E102	ABCDEFGH135532	123456	120012		UU66
ABCDEFGH178	ABCDEFGH13610	ABCDEFGH13823	1970-01-01T00:00:00+00:00	Homme	Minimes	A2	ADRES55	+1 (961) 684-8612	Maiores id sint lab	nodycilob@mailinator.com	71	1970-01-01T00:00:00+00:00	Bleue 2	ABCDEFGH13508E103	ABCDEFGH135533				UU67
ABCDEFGH179	ABCDEFGH13611	ABCDEFGH13824	1970-01-01T00:00:00+00:00	Homme	Benjamins	A2	ADRES56	+1 (858) 261-9518	Vitae sed ut et fugi	bybesytus@mailinator.com	96	1970-01-01T00:00:00+00:00	Bleue 1	ABCDEFGH13508E104	ABCDEFGH135534	328 142-8882	+1 (688) 993-4496	kaseka@mailinator.com	UU68
ABCDEFGH180	ABCDEFGH13612	ABCDEFGH13825	1970-01-01T00:00:00+00:00	Homme	pupilles	A2	ADRES57	+1 (449) 884-3716	+1 (175) 294-6673	rebyz@mailinator.com	220	1970-01-01T00:00:00+00:00	Orange	ABCDEFGH13508E105	ABCDEFGH135535	123456	120012		UU69
ABCDEFGH181	ABCDEFGH13613	ABCDEFGH13826	1970-01-01T00:00:00+00:00	Homme	Minimes	A2	ADRES58	+1 (961) 684-8612	Maiores id sint lab	nodycilob@mailinator.com	71	1970-01-01T00:00:00+00:00	Bleue 2	ABCDEFGH13508E106	ABCDEFGH135536				UU70
ABCDEFGH182	ABCDEFGH13614	ABCDEFGH13827	1970-01-01T00:00:00+00:00	Homme	Benjamins	A2	ADRES59	+1 (858) 261-9518	Vitae sed ut et fugi	bybesytus@mailinator.com	96	1970-01-01T00:00:00+00:00	Bleue 1	ABCDEFGH13508E107	ABCDEFGH135537	328 142-8882	+1 (688) 993-4496	kaseka@mailinator.com	UU71
ABCDEFGH183	ABCDEFGH13615	ABCDEFGH13828	1970-01-01T00:00:00+00:00	Homme	pupilles	A2	ADRES60	+1 (449) 884-3716	+1 (175) 294-6673	rebyz@mailinator.com	220	1970-01-01T00:00:00+00:00	Orange	ABCDEFGH13508E108	ABCDEFGH135538	123456	120012		UU72
ABCDEFGH184	ABCDEFGH13616	ABCDEFGH13829	1970-01-01T00:00:00+00:00	Homme	Minimes	A2	ADRES61	+1 (961) 684-8612	Maiores id sint lab	nodycilob@mailinator.com	71	1970-01-01T00:00:00+00:00	Bleue 2	ABCDEFGH13508E109	ABCDEFGH135539				UU73
ABCDEFGH185	ABCDEFGH13617	ABCDEFGH13830	1970-01-01T00:00:00+00:00	Homme	Benjamins	A2	ADRES62	+1 (858) 261-9518	Vitae sed ut et fugi	bybesytus@mailinator.com	96	1970-01-01T00:00:00+00:00	Bleue 1	ABCDEFGH13508E110	ABCDEFGH135540	328 142-8882	+1 (688) 993-4496	kaseka@mailinator.com	UU74
ABCDEFGH186	ABCDEFGH13618	ABCDEFGH13831	1970-01-01T00:00:00+00:00	Homme	pupilles	A2	ADRES63	+1 (449) 884-3716	+1 (175) 294-6673	rebyz@mailinator.com	220	1970-01-01T00:00:00+00:00	Orange	ABCDEFGH13508E111	ABCDEFGH135541	123456	120012		UU75
ABCDEFGH187	ABCDEFGH13619	ABCDEFGH13832	1970-01-01T00:00:00+00:00	Homme	Minimes	A2	ADRES64	+1 (961) 684-8612	Maiores id sint lab	nodycilob@mailinator.com	71	1970-01-01T00:00:00+00:00	Bleue 2	ABCDEFGH13508E112	ABCDEFGH135542				UU76
ABCDEFGH188	ABCDEFGH13620	ABCDEFGH13833	1970-01-01T00:00:00+00:00	Homme	Benjamins	A2	ADRES65	+1 (858) 261-9518	Vitae sed ut et fugi	bybesytus@mailinator.com	96	1970-01-01T00:00:00+00:00	Bleue 1	ABCDEFGH13508E113	ABCDEFGH135543	328 142-8882	+1 (688) 993-4496	kaseka@mailinator.com	UU77
ABCDEFGH189	ABCDEFGH13621	ABCDEFGH13834	1970-01-01T00:00:00+00:00	Homme	pupilles	A2	ADRES66	+1 (449) 884-3716	+1 (175) 294-6673	rebyz@mailinator.com	220	1970-01-01T00:00:00+00:00	Orange	ABCDEFGH13508E114	ABCDEFGH135544	123456	120012		UU78
ABCDEFGH190	ABCDEFGH13622	ABCDEFGH13835	1970-01-01T00:00:00+00:00	Homme	Minimes	A2	ADRES67	+1 (961) 684-8612	Maiores id sint lab	nodycilob@mailinator.com	71	1970-01-01T00:00:00+00:00	Bleue 2	ABCDEFGH13508E115	ABCDEFGH135545				UU79
ABCDEFGH191	ABCDEFGH13623	ABCDEFGH13836	1970-01-01T00:00:00+00:00	Homme	Benjamins	A2	ADRES68	+1 (858) 261-9518	Vitae sed ut et fugi	bybesytus@mailinator.com	96	1970-01-01T00:00:00+00:00	Bleue 1	ABCDEFGH13508E116	ABCDEFGH135546	328 142-8882	+1 (688) 993-4496	kaseka@mailinator.com	UU80
ABCDEFGH192	ABCDEFGH13624	ABCDEFGH13837	1970-01-01T00:00:00+00:00	Homme	pupilles	A2	ADRES69	+1 (449) 884-3716	+1 (175) 294-6673	rebyz@mailinator.com	220	1970-01-01T00:00:00+00:00	Orange	ABCDEFGH13508E117	ABCDEFGH135547	123456	120012		UU81
ABCDEFGH193	ABCDEFGH13625	ABCDEFGH13838	1970-01-01T00:00:00+00:00	Homme	Minimes	A2	ADRES70	+1 (961) 684-8612	Maiores id sint lab	nodycilob@mailinator.com	71	1970-01-01T00:00:00+00:00	Bleue 2	ABCDEFGH13508E118	ABCDEFGH135548				UU82
ABCDEFGH194	ABCDEFGH13626	ABCDEFGH13839	1970-01-01T00:00:00+00:00	Homme	Benjamins	A2	ADRES71	+1 (858) 261-9518	Vitae sed ut et fugi	bybesytus@mailinator.com	96	1970-01-01T00:00:00+00:00	Bleue 1	ABCDEFGH13508E119	ABCDEFGH135549	328 142-8882	+1 (688) 993-4496	kaseka@mailinator.com	UU83
ABCDEFGH195	ABCDEFGH13627	ABCDEFGH13840	1970-01-01T00:00:00+00:00	Homme	pupilles	A2	ADRES72	+1 (449) 884-3716	+1 (175) 294-6673	rebyz@mailinator.com	220	1970-01-01T00:00:00+00:00	Orange	ABCDEFGH13508E120	ABCDEFGH135550	123456	120012		UU84
ABCDEFGH196	ABCDEFGH13628	ABCDEFGH13841	1970-01-01T00:00:00+00:00	Homme	Minimes	A2	ADRES73	+1 (961) 684-8612	Maiores id sint lab	nodycilob@mailinator.com	71	1970-01-01T00:00:00+00:00	Bleue 2	ABCDEFGH13508E121	ABCDEFGH135551				UU85
ABCDEFGH197	ABCDEFGH13629	ABCDEFGH13842	1970-01-01T00:00:00+00:00	Homme	Benjamins	A2	ADRES74	+1 (858) 261-9518	Vitae sed ut et fugi	bybesytus@mailinator.com	96	1970-01-01T00:00:00+00:00	Bleue 1	ABCDEFGH13508E122	ABCDEFGH135552	328 142-8882	+1 (688) 993-4496	kaseka@mailinator.com	UU86
ABCDEFGH198	ABCDEFGH13630	ABCDEFGH13843	1970-01-01T00:00:00+00:00	Homme	pupilles	A2	ADRES75	+1 (449) 884-3716	+1 (175) 294-6673	rebyz@mailinator.com	220	1970-01-01T00:00:00+00:00	Orange	ABCDEFGH13508E123	ABCDEFGH135553	123456	120012		UU87
ABCDEFGH199	ABCDEFGH13631	ABCDEFGH13844	1970-01-01T00:00:00+00:00	Homme	Minimes	A2	ADRES76	+1 (961) 684-8612	Maiores id sint lab	nodycilob@mailinator.com	71	1970-01-01T00:00:00+00:00	Bleue 2	ABCDEFGH13508E124	ABCDEFGH135554				UU88
ABCDEFGH200	ABCDEFGH13632	ABCDEFGH13845	1970-01-01T00:00:00+00:00	Homme	Benjamins	A2	ADRES77	+1 (858) 261-9518	Vitae sed ut et fugi	bybesytus@mailinator.com	96	1970-01-01T00:00:00+00:00	Bleue 1	ABCDEFGH13508E125	ABCDEFGH135555	328 142-8882	+1 (688) 993-4496	kaseka@mailinator.com	UU89
ABCDEFGH201	ABCDEFGH13633	ABCDEFGH13846	1970-01-01T00:00:00+00:00	Homme	pupilles	A2	ADRES78	+1 (449) 884-3716	+1 (175) 294-6673	rebyz@mailinator.com	220	1970-01-01T00:00:00+00:00	Orange	ABCDEFGH13508E126	ABCDEFGH135556	123456	120012		UU90
ABCDEFGH202	ABCDEFGH13634	ABCDEFGH13847	1970-01-01T00:00:00+00:00	Homme	Minimes	A2	ADRES79	+1 (961) 684-8612	Maiores id sint lab	nodycilob@mailinator.com	71	1970-01-01T00:00:00+00:00	Bleue 2	ABCDEFGH13508E127	ABCDEFGH135557				UU91
ABCDEFGH203	ABCDEFGH13635	ABCDEFGH13848	1970-01-01T00:00:00+00:00	Homme	Benjamins	A2	ADRES80	+1 (858) 261-9518	Vitae sed ut et fugi	bybesytus@mailinator.com	96	1970-01-01T00:00:00+00:00	Bleue 1	ABCDEFGH13508E128	ABCDEFGH135558	328 142-8882	+1 (688) 993-4496	kaseka@mailinator.com	UU92
ABCDEFGH204	ABCDEFGH13636	ABCDEFGH13849	1970-01-01T00:00:00+00:00	Homme	pupilles	A2	ADRES81	+1 (449) 884-3716	+1 (175) 294-6673	rebyz@mailinator.com	220	1970-01-01T00:00:00+00:00	Orange	ABCDEFGH13508E129	ABCDEFGH135559	123456	120012		UU93
ABCDEFGH205	ABCDEFGH13637	ABCDEFGH13850	1970-01-01T00:00:00+00:00	Homme	Minimes	A2	ADRES82	+1 (961) 684-8612	Maiores id sint lab	nodycilob@mailinator.com	71	1970-01-01T00:00:00+00:00	Bleue 2	ABCDEFGH13508E130	ABCDEFGH135560				UU94
ABCDEFGH206	ABCDEFGH13638	ABCDEFGH13851	1970-01-01T00:00:00+00:00	Homme	Benjamins	A2	ADRES83	+1 (858) 261-9518	Vitae sed ut et fugi	bybesytus@mailinator.com	96	1970-01-01T00:00:00+00:00	Bleue 1	ABCDEFGH13508E131	ABCDEFGH135561	328 142-8882	+1 (688) 993-4496	kaseka@mailinator.com	UU95
ABCDEFGH208	ABCDEFGH13640	ABCDEFGH13853	1970-01-01T00:00:00+00:00	Homme	pupilles	A2	ADRES85	+1 (449) 884-3716	+1 (175) 294-6673	rebyz@mailinator.com	220	1970-01-01T00:00:00+00:00	Orange	ABCDEFGH13508E133	ABCDEFGH135563	123456	120012		UU97
ABCDEFGH209	ABCDEFGH13641	ABCDEFGH13854	1970-01-01T00:00:00+00:00	Homme	Minimes	A2	ADRES86	+1 (961) 684-8612	Maiores id sint lab	nodycilob@mailinator.com	71	1970-01-01T00:00:00+00:00	Bleue 2	ABCDEFGH13508E134	ABCDEFGH135564				UU98
ABCDEFGH210	ABCDEFGH13642	ABCDEFGH13855	1970-01-01T00:00:00+00:00	Homme	Benjamins	A2	ADRES87	+1 (858) 261-9518	Vitae sed ut et fugi	bybesytus@mailinator.com	96	1970-01-01T00:00:00+00:00	Bleue 1	ABCDEFGH13508E135	ABCDEFGH135565	328 142-8882	+1 (688) 993-4496	kaseka@mailinator.com	UU99
ABCDEFGH211	ABCDEFGH13643	ABCDEFGH13856	1970-01-01T00:00:00+00:00	Homme	pupilles	A2	ADRES88	+1 (449) 884-3716	+1 (175) 294-6673	rebyz@mailinator.com	220	1970-01-01T00:00:00+00:00	Orange	ABCDEFGH13508E136	ABCDEFGH135566	123456	120012		UU100
ABCDEFGH212	ABCDEFGH13644	ABCDEFGH13857	1970-01-01T00:00:00+00:00	Homme	Minimes	A2	ADRES89	+1 (961) 684-8612	Maiores id sint lab	nodycilob@mailinator.com	71	1970-01-01T00:00:00+00:00	Bleue 2	ABCDEFGH13508E137	ABCDEFGH135567				UU101
ABCDEFGH213	ABCDEFGH13645	ABCDEFGH13858	1970-01-01T00:00:00+00:00	Homme	Benjamins	A2	ADRES90	+1 (858) 261-9518	Vitae sed ut et fugi	bybesytus@mailinator.com	96	1970-01-01T00:00:00+00:00	Bleue 1	ABCDEFGH13508E138	ABCDEFGH135568	328 142-8882	+1 (688) 993-4496	kaseka@mailinator.com	UU102
ABCDEFGH214	ABCDEFGH13646	ABCDEFGH13859	1970-01-01T00:00:00+00:00	Homme	pupilles	A2	ADRES91	+1 (449) 884-3716	+1 (175) 294-6673	rebyz@mailinator.com	220	1970-01-01T00:00:00+00:00	Orange	ABCDEFGH13508E139	ABCDEFGH135569	123456	120012		UU103
ABCDEFGH215	ABCDEFGH13647	ABCDEFGH13860	1970-01-01T00:00:00+00:00	Homme	Minimes	A2	ADRES92	+1 (961) 684-8612	Maiores id sint lab	nodycilob@mailinator.com	71	1970-01-01T00:00:00+00:00	Bleue 2	ABCDEFGH13508E140	ABCDEFGH135570				UU104
ABCDEFGH216	ABCDEFGH13648	ABCDEFGH13861	1970-01-01T00:00:00+00:00	Homme	Benjamins	A2	ADRES93	+1 (858) 261-9518	Vitae sed ut et fugi	bybesytus@mailinator.com	96	1970-01-01T00:00:00+00:00	Bleue 1	ABCDEFGH13508E141	ABCDEFGH135571	328 142-8882	+1 (688) 993-4496	kaseka@mailinator.com	UU105
ABCDEFGH217	ABCDEFGH13649	ABCDEFGH13862	1970-01-01T00:00:00+00:00	Homme	pupilles	A2	ADRES94	+1 (449) 884-3716	+1 (175) 294-6673	rebyz@mailinator.com	220	1970-01-01T00:00:00+00:00	Orange	ABCDEFGH13508E142	ABCDEFGH135572	123456	120012		UU106
ABCDEFGH218	ABCDEFGH13650	ABCDEFGH13863	1970-01-01T00:00:00+00:00	Homme	Minimes	A2	ADRES95	+1 (961) 684-8612	Maiores id sint lab	nodycilob@mailinator.com	71	1970-01-01T00:00:00+00:00	Bleue 2	ABCDEFGH13508E143	ABCDEFGH135573				UU107
ABCDEFGH219	ABCDEFGH13651	ABCDEFGH13864	1970-01-01T00:00:00+00:00	Homme	Benjamins	A2	ADRES96	+1 (858) 261-9518	Vitae sed ut et fugi	bybesytus@mailinator.com	96	1970-01-01T00:00:00+00:00	Bleue 1	ABCDEFGH13508E144	ABCDEFGH135574	328 142-8882	+1 (688) 993-4496	kaseka@mailinator.com	UU108
ABCDEFGH220	ABCDEFGH13652	ABCDEFGH13865	1970-01-01T00:00:00+00:00	Homme	pupilles	A2	ADRES97	+1 (449) 884-3716	+1 (175) 294-6673	rebyz@mailinator.com	220	1970-01-01T00:00:00+00:00	Orange	ABCDEFGH13508E145	ABCDEFGH135575	123456	120012		UU109
ABCDEFGH221	ABCDEFGH13653	ABCDEFGH13866	1970-01-01T00:00:00+00:00	Homme	Minimes	A2	ADRES98	+1 (961) 684-8612	Maiores id sint lab	nodycilob@mailinator.com	71	1970-01-01T00:00:00+00:00	Bleue 2	ABCDEFGH13508E146	ABCDEFGH135576				UU110
ABCDEFGH223	ABCDEFGH13655	ABCDEFGH13868	1970-01-01T00:00:00+00:00	Homme	pupilles	A2	ADRES100	+1 (449) 884-3716	+1 (175) 294-6673	rebyz@mailinator.com	220	1970-01-01T00:00:00+00:00	Orange	ABCDEFGH13508E148	ABCDEFGH135578	123456	120012		UU112
ABCDEFGH224	ABCDEFGH13656	ABCDEFGH13869	1970-01-01T00:00:00+00:00	Homme	Minimes	A2	ADRES101	+1 (961) 684-8612	Maiores id sint lab	nodycilob@mailinator.com	71	1970-01-01T00:00:00+00:00	Bleue 2	ABCDEFGH13508E149	ABCDEFGH135579				UU113
ABCDEFGH225	ABCDEFGH13657	ABCDEFGH13870	1970-01-01T00:00:00+00:00	Homme	Benjamins	A2	ADRES102	+1 (858) 261-9518	Vitae sed ut et fugi	bybesytus@mailinator.com	96	1970-01-01T00:00:00+00:00	Bleue 1	ABCDEFGH13508E150	ABCDEFGH135580	328 142-8882	+1 (688) 993-4496	kaseka@mailinator.com	UU114
ABCDEFGH226	ABCDEFGH13658	ABCDEFGH13871	1970-01-01T00:00:00+00:00	Homme	pupilles	A2	ADRES103	+1 (449) 884-3716	+1 (175) 294-6673	rebyz@mailinator.com	220	1970-01-01T00:00:00+00:00	Orange	ABCDEFGH13508E151	ABCDEFGH135581	123456	120012		UU115
ABCDEFGH227	ABCDEFGH13659	ABCDEFGH13872	1970-01-01T00:00:00+00:00	Homme	Minimes	A2	ADRES104	+1 (961) 684-8612	Maiores id sint lab	nodycilob@mailinator.com	71	1970-01-01T00:00:00+00:00	Bleue 2	ABCDEFGH13508E152	ABCDEFGH135582				UU116
ABCDEFGH228	ABCDEFGH13660	ABCDEFGH13873	1970-01-01T00:00:00+00:00	Homme	Benjamins	A2	ADRES105	+1 (858) 261-9518	Vitae sed ut et fugi	bybesytus@mailinator.com	96	1970-01-01T00:00:00+00:00	Bleue 1	ABCDEFGH13508E153	ABCDEFGH135583	328 142-8882	+1 (688) 993-4496	kaseka@mailinator.com	UU117
ABCDEFGH229	ABCDEFGH13661	ABCDEFGH13874	1970-01-01T00:00:00+00:00	Homme	pupilles	A2	ADRES106	+1 (449) 884-3716	+1 (175) 294-6673	rebyz@mailinator.com	220	1970-01-01T00:00:00+00:00	Orange	ABCDEFGH13508E154	ABCDEFGH135584	123456	120012		UU118
ABCDEFGH230	ABCDEFGH13662	ABCDEFGH13875	1970-01-01T00:00:00+00:00	Homme	Minimes	A2	ADRES107	+1 (961) 684-8612	Maiores id sint lab	nodycilob@mailinator.com	71	1970-01-01T00:00:00+00:00	Bleue 2	ABCDEFGH13508E155	ABCDEFGH135585				UU119
ABCDEFGH231	ABCDEFGH13663	ABCDEFGH13876	1970-01-01T00:00:00+00:00	Homme	Benjamins	A2	ADRES108	+1 (858) 261-9518	Vitae sed ut et fugi	bybesytus@mailinator.com	96	1970-01-01T00:00:00+00:00	Bleue 1	ABCDEFGH13508E156	ABCDEFGH135586	328 142-8882	+1 (688) 993-4496	kaseka@mailinator.com	UU120
ABCDEFGH239	ABCDEFGH13671	ABCDEFGH13884	1970-01-01T00:00:00+00:00	Homme	Benjamins	A2	ADRES116	+1 (858) 261-9518	Vitae sed ut et fugi	bybesytus@mailinator.com	96	1970-01-01T00:00:00+00:00	Bleue 1	ABCDEFGH13508E164	ABCDEFGH135594	328 142-8882	+1 (688) 993-4496	kaseka@mailinator.com	UU128
ABCDEFGH259	ABCDEFGH13691	ABCDEFGH13904	1970-01-01T00:00:00+00:00	Homme	Benjamins	A2	ADRES136	+1 (858) 261-9518	Vitae sed ut et fugi	bybesytus@mailinator.com	96	1970-01-01T00:00:00+00:00	Bleue 1	ABCDEFGH13508E184	ABCDEFGH135614	328 142-8882	+1 (688) 993-4496	kaseka@mailinator.com	UU148
ABCDEFGH242	ABCDEFGH13674	ABCDEFGH13887	1970-01-01T00:00:00+00:00	Homme	Benjamins	A2	ADRES119	+1 (858) 261-9518	Vitae sed ut et fugi	bybesytus@mailinator.com	96	1970-01-01T00:00:00+00:00	Bleue 1	ABCDEFGH13508E167	ABCDEFGH135597	328 142-8882	+1 (688) 993-4496	kaseka@mailinator.com	UU131
ABCDEFGH245	ABCDEFGH13677	ABCDEFGH13890	1970-01-01T00:00:00+00:00	Homme	Benjamins	A2	ADRES122	+1 (858) 261-9518	Vitae sed ut et fugi	bybesytus@mailinator.com	96	1970-01-01T00:00:00+00:00	Bleue 1	ABCDEFGH13508E170	ABCDEFGH135600	328 142-8882	+1 (688) 993-4496	kaseka@mailinator.com	UU134
ABCDEFGH282	ABCDEFGH13714	ABCDEFGH13927	1970-01-01T00:00:00+00:00	Homme	pupilles	A2	ADRES159	+1 (449) 884-3716	+1 (175) 294-6673	rebyz@mailinator.com	220	1970-01-01T00:00:00+00:00	Orange	ABCDEFGH13508E207	ABCDEFGH135637	123456	120012		UU171
ABCDEFGH240	ABCDEFGH13672	ABCDEFGH13885	1970-01-01T00:00:00+00:00	Homme	pupilles	A2	ADRES117	+1 (449) 884-3716	+1 (175) 294-6673	rebyz@mailinator.com	220	1970-01-01T00:00:00+00:00	Orange	ABCDEFGH13508E165	ABCDEFGH135595	123456	120012		UU129
ABCDEFGH275	ABCDEFGH13707	ABCDEFGH13920	1970-01-01T00:00:00+00:00	Homme	Minimes	A2	ADRES152	+1 (961) 684-8612	Maiores id sint lab	nodycilob@mailinator.com	71	1970-01-01T00:00:00+00:00	Bleue 2	ABCDEFGH13508E200	ABCDEFGH135630				UU164
ABCDEFGH258	ABCDEFGH13690	ABCDEFGH13903	1970-01-01T00:00:00+00:00	Homme	Minimes	A2	ADRES135	+1 (961) 684-8612	Maiores id sint lab	nodycilob@mailinator.com	71	1970-01-01T00:00:00+00:00	Bleue 2	ABCDEFGH13508E183	ABCDEFGH135613				UU147
ABCDEFGH243	ABCDEFGH13675	ABCDEFGH13888	1970-01-01T00:00:00+00:00	Homme	pupilles	A2	ADRES120	+1 (449) 884-3716	+1 (175) 294-6673	rebyz@mailinator.com	220	1970-01-01T00:00:00+00:00	Orange	ABCDEFGH13508E168	ABCDEFGH135598	123456	120012		UU132
ABCDEFGH254	ABCDEFGH13686	ABCDEFGH13899	1970-01-01T00:00:00+00:00	Homme	pupilles	A2	ADRES131	+1 (449) 884-3716	+1 (175) 294-6673	rebyz@mailinator.com	220	1970-01-01T00:00:00+00:00	Orange	ABCDEFGH13508E179	ABCDEFGH135609	123456	120012		UU143
ABCDEFGH241	ABCDEFGH13673	ABCDEFGH13886	1970-01-01T00:00:00+00:00	Homme	Minimes	A2	ADRES118	+1 (961) 684-8612	Maiores id sint lab	nodycilob@mailinator.com	71	1970-01-01T00:00:00+00:00	Bleue 2	ABCDEFGH13508E166	ABCDEFGH135596				UU130
ABCDEFGH304	ABCDEFGH13736	ABCDEFGH13949	1970-01-01T00:00:00+00:00	Homme	Benjamins	A2	ADRES181	+1 (858) 261-9518	Vitae sed ut et fugi	bybesytus@mailinator.com	96	1970-01-01T00:00:00+00:00	Bleue 1	ABCDEFGH13508E229	ABCDEFGH135659	328 142-8882	+1 (688) 993-4496	kaseka@mailinator.com	UU193
ABCDEFGH244	ABCDEFGH13676	ABCDEFGH13889	1970-01-01T00:00:00+00:00	Homme	Minimes	A2	ADRES121	+1 (961) 684-8612	Maiores id sint lab	nodycilob@mailinator.com	71	1970-01-01T00:00:00+00:00	Bleue 2	ABCDEFGH13508E169	ABCDEFGH135599				UU133
ABCDEFGH263	ABCDEFGH13695	ABCDEFGH13908	1970-01-01T00:00:00+00:00	Homme	pupilles	A2	ADRES140	+1 (449) 884-3716	+1 (175) 294-6673	rebyz@mailinator.com	220	1970-01-01T00:00:00+00:00	Orange	ABCDEFGH13508E188	ABCDEFGH135618	123456	120012		UU152
ABCDEFGH291	ABCDEFGH13723	ABCDEFGH13936	1970-01-01T00:00:00+00:00	Homme	pupilles	A2	ADRES168	+1 (449) 884-3716	+1 (175) 294-6673	rebyz@mailinator.com	220	1970-01-01T00:00:00+00:00	Orange	ABCDEFGH13508E216	ABCDEFGH135646	123456	120012		UU180
1	Voluptatum commodi m	Recusandae Assumend	1970-01-13T00:00:00+00:00	Homme	Cadets		Et in consequatur mo	+1 (551) 168-7861	+1 (338) 224-3591	copefyhe@mailinator.com	78	1989-06-23T00:00:00+00:00	Bleue 1	Lorem natus autem la	Veritatis consequatu	+1 (924) 466-7628	+1 (303) 227-3782	rohiqajasy@mailinator.com	Voluptatum porro ape
2	Ad animi in magnam	Adipisci dolores dol	1970-01-01T00:00:00+00:00	Femme	Mini poussins		Exercitation volupta	+1 (591) 582-9144	+1 (924) 636-6045	xymopem@mailinator.com	1	1970-01-01T00:00:00+00:00	Noire	Natus quia aliqua M	Consectetur iure la	+1 (771) 145-7891	+1 (681) 108-3264	qikemiru@mailinator.com	Nobis incidunt dolo
3	Voluptatum commodi m	Recusandae Assumend	1970-01-01T00:00:00+00:00	Homme	Cadets		Et in consequatur mo	+1 (551) 168-7861	+1 (338) 224-3591	copefyhe@mailinator.com	78	1970-01-01T00:00:00+00:00	Jaune	Lorem natus autem la	Veritatis consequatu	+1 (924) 466-7628	+1 (303) 227-3782	rohiqajasy@mailinator.com	Voluptatum porro ape
4	Ad animi in magnam	Adipisci dolores dol	1970-01-01T00:00:00+00:00	Femme	Mini poussins		Exercitation volupta	+1 (591) 582-9144	+1 (924) 636-6045	xymopem@mailinator.com	1	1970-01-01T00:00:00+00:00	Noire	Natus quia aliqua M	Consectetur iure la	+1 (771) 145-7891	+1 (681) 108-3264	qikemiru@mailinator.com	Nobis incidunt dolo
5	Ad animi in magnam	Adipisci dolores dol	1970-01-01T00:00:00+00:00	Femme	Mini poussins		Exercitation volupta	+1 (591) 582-9144	+1 (924) 636-6045	xymopem@mailinator.com	1	1970-01-01T00:00:00+00:00	Noire	Natus quia aliqua M	Consectetur iure la	+1 (771) 145-7891	+1 (681) 108-3264	qikemiru@mailinator.com	Nobis incidunt dolo
6	Voluptatum ipsam min	Culpa dolor voluptat	2017-07-01T00:00:00+00:00	Homme	Poussins		Et voluptatem Et sa	+1 (877) 866-5526	+1 (835) 505-5357	qofesudaho@mailinator.com	84	2005-08-16T00:00:00+00:00	Orange	Consectetur quae lau	Consequatur Qui qui	+1 (569) 201-1115	+1 (408) 774-9242	jodon@mailinator.com	Omnis neque et nesci
7	Voluptatum ipsam min	Culpa dolor voluptat	2017-07-01T00:00:00+00:00	Homme	Poussins		Et voluptatem Et sa	+1 (877) 866-5527	+1 (835) 505-5358	qofesudaho@mailinator.com	85	2005-08-16T00:00:00+00:00	Orange	Consectetur quae lau	Consequatur Qui qui	+1 (569) 201-1116	+1 (408) 774-9243	jodon@mailinator.com	Omnis neque et nesci
8	Voluptatum ipsam min	Culpa dolor voluptat	2017-07-01T00:00:00+00:00	Homme	Poussins		Et voluptatem Et sa	+1 (877) 866-5528	+1 (835) 505-5359	qofesudaho@mailinator.com	86	2005-08-16T00:00:00+00:00	Orange	Consectetur quae lau	Consequatur Qui qui	+1 (569) 201-1117	+1 (408) 774-9244	jodon@mailinator.com	Omnis neque et nesci
9	Voluptatum ipsam min	Culpa dolor voluptat	2017-07-01T00:00:00+00:00	Homme	Poussins		Et voluptatem Et sa	+1 (877) 866-5529	+1 (835) 505-5360	qofesudaho@mailinator.com	87	2005-08-16T00:00:00+00:00	Orange	Consectetur quae lau	Consequatur Qui qui	+1 (569) 201-1118	+1 (408) 774-9245	jodon@mailinator.com	Omnis neque et nesci
10	Voluptatum ipsam min	Culpa dolor voluptat	2017-07-01T00:00:00+00:00	Homme	Poussins		Et voluptatem Et sa	+1 (877) 866-5530	+1 (835) 505-5361	qofesudaho@mailinator.com	88	2005-08-16T00:00:00+00:00	Orange	Consectetur quae lau	Consequatur Qui qui	+1 (569) 201-1119	+1 (408) 774-9246	jodon@mailinator.com	Omnis neque et nesci
11	Voluptatum ipsam min	Culpa dolor voluptat	2003-02-03T00:00:00+00:00	Homme	Poussins		Et voluptatem Et sa	+1 (877) 866-5531	+1 (835) 505-5362	qofesudaho@mailinator.com	89	2005-08-16T00:00:00+00:00	Orange	Consectetur quae lau	Consequatur Qui qui	+1 (569) 201-1120	+1 (408) 774-9247	jodon@mailinator.com	Omnis neque et nesci
12ZER	Quia aut similique o	Debitis rem in aliqu	1987-01-05T00:00:00+00:00	Homme	Mini poussins		Tempora expedita non	+1 (466) 124-4133	+1 (642) 532-3247	texusin@mailinator.com	42	1978-12-25T00:00:00+00:00	Jaune	Impedit tempor ipsa	Enim non unde laboru	+1 (485) 217-8048	+1 (382) 124-8748	tisokolow@mailinator.com	Enim quos soluta dol
gttrgfg	Culpa dolor aliqua	Deleniti nemo deseru	1998-10-13T00:00:00+00:00	Homme	Poussins	A2	Sunt natus velit eni	+1 (461) 738-3238	+1 (262) 751-4958	fosyraw@mailinator.com	1	2015-05-06T00:00:00+00:00	Orange	Non maxime non tenet	Quas voluptas enim v	+1 (533) 863-9623	+1 (494) 508-3779	qadaqe@mailinator.com	Dolorem enim velit q
vff	Quidem dolore id fug	Dolorem corrupti sa	2008-10-07T00:00:00+00:00	Homme	Minimes	groupe: inconnu (taha chbab)	Duis ab sed ad cillu	+1 (746) 651-6966	+1 (864) 374-4401	guropi@mailinator.com	71	2021-04-03T00:00:00+00:00	Noire	Illum a est qui vol	Tempor dolores in do	+1 (751) 154-4821	+1 (979) 832-1692	devon@mailinator.com	Aut maxime nesciunt
Sasasasas	Debitis velit laboru	Porro suscipit molli	2002-08-22T00:00:00+00:00	Femme	Poussins	A2	Cupiditate sed earum	+1 (168) 661-8328	+1 (298) 613-2853	bohe@mailinator.com	17	1977-09-04T00:00:00+00:00	Verte	Excepteur quo dolore	Dolores repudiandae 	+1 (975) 151-8041	+1 (379) 835-5497	riryxetefa@mailinator.com	In sequi distinctio
